npdes_id,name,state,sector
ME0000108,HARTLAND REDEVELOPMENT LLC,ME,tannery
INRM02907,HERD PACK LLC,IN,tannery
MO0136221,NATIONAL BEEF LEATHERS,MO,tannery
NE0001392,"TYSON FRESH MEATS, INC",NE,tannery
TN0002143,UT ENTERPRISES LLC  DBA LEGACY LEATHERS,TN,tannery
PA0208779,WICKETT & CRAIG OF AMERICA,PA,tannery
MI0060323,WOLVERINE WORLD WIDE INC FORMER TANNERY-ROCKFORD,MI,tannery
SC0002518,DEROYAL TEXTILES INC,SC,textile
GA0003280,"KING AMERICA FINISHING, INC.",GA,textile
PA0023434,KOPPEL BORO WWTP,PA,textile
GA0001422,"MOUNT VERNON MILLS, INC.",GA,textile
NC0005762,WAGRAM PLANT,NC,textile
NY0004421,AMERICAN FELT & FILTER CO,NY,textile
SC0000990,CHARGEURS WOOL (USA) INC,SC,textile
PAD630071,LEGACY PARK PLAN OF LOTS,PA,textile
NC0006190,SOUTH FORK INDUSTRIES - MAIDEN PLANT,NC,textile
SC0001368,CARLISLE FINISHING LLC/CARLISLE PLANT,SC,textile
NC0007820,FRANKLINVILLE WWTP,NC,textile
SC0003182,MILLIKEN & COMPANY/MAGNOLIA PLANT,SC,textile
NC0005312,DUVALTEX,NC,textile
RI0000191,"KENYON INDUSTRIES, INC",RI,textile
NC0002305,LEAR CORPORATION WWTP,NC,textile
SC0000477,MILLIKEN PENDLETON PLANT,SC,textile
SC0000353,"SAGE AUTO INTERIORS, INC/ABBEVILLE PLANT",SC,textile
MA0003697,BARNHARDT MANUFACTURING CO,MA,textile
NC0048305,CAROLINA YARN PROCESSORS,NC,textile
VA0076015,RONILE INC,VA,textile
NC0004243,SEVIER PLANT,NC,textile
PA0008486,AHLSTROM FILTRATION,PA,paper_pulp
CT0000434,AHLSTROM NONWOVENS LLC,CT,paper_pulp
CT0026476,"AHLSTROM POWER WINDSOR LOCKS, LLC",CT,paper_pulp
AL0025968,ALABAMA RIVER CELLULOSE LLC,AL,paper_pulp
NY0003344,ALKEGEN - FULTON PLANT,NY,paper_pulp
AR0001601,AMERICAN KRAFT PAPER INDUSTRIES LLC,AR,paper_pulp
NY0006157,ANCRAM MILL,NY,paper_pulp
NY0003042,APC PAPER OF NY,NY,paper_pulp
MI0000027,BILLERUD ESCANABA LLC,MI,paper_pulp
MI0042170,BILLERUD QUINNESEC LLC-QUINNESEC,MI,paper_pulp
MS0033057,"COMPLETE PAPER WIGGINS LLC, BIORGIN SPECIALTY PRODUCTS, WIGGINS MIL",MS,paper_pulp
MA0000671,CRANE & CO INC WWTP,MA,paper_pulp
PA0002143,DOMTAR JOHNSONBURG MILL,PA,paper_pulp
WI0026042,DOMTAR PAPER CO LLC,WI,paper_pulp
NC0000680,"DOMTAR PAPER COMPANY, LLC",NC,paper_pulp
TX0136417,4L PROCESSING,TX,meat
WI0057436,ABBYLAND FOODS INC ABBOTSFORD PLANT,WI,meat
LA0106208,ADAKA HOLDINGS LLC,LA,meat
IA0077135,AGRI STAR MEAT AND POULTRY LLC,IA,meat
KS0003271,BANNER CREEK LLC.,KS,meat
MONX00857,BEN'S CUSTOM BUTCHERING,MO,meat
PA0056472,"BEYOND MEAT, INC.",PA,meat
LA0127574,C AND D PROCESSING,LA,meat
PA0111759,CARGILL,PA,meat
KS0092029,CARGILL MEAT SOLUTIONS CORP,KS,meat
IL0023914,CARGILL MEAT SOLUTIONS CORPORATION,IL,meat
NE0000795,CARGILL MEATS SOLUTIONS CORP.,NE,meat
