source,X_p1,X_p,X_q,X_r,X_r1,W_p1,W_p,W_q,W_r,W_r1,W_crisp
S1,0.429,0.469,0.505,0.612,0.699,0.031,0.037,0.044,0.057,0.070,0.047
S2,0.699,0.841,0.963,1.050,1.130,0.051,0.066,0.083,0.097,0.114,0.082
S3,0.699,0.841,0.963,1.050,1.130,0.051,0.066,0.083,0.097,0.114,0.082
S4,0.429,0.469,0.505,0.612,0.699,0.031,0.037,0.044,0.057,0.070,0.047
S5,0.295,0.340,0.379,0.405,0.429,0.021,0.027,0.033,0.038,0.043,0.032
S6,0.699,0.841,0.963,1.050,1.130,0.051,0.066,0.083,0.097,0.114,0.082
S7,2.786,2.887,2.983,3.216,3.429,0.202,0.227,0.258,0.298,0.345,0.265
S8,2.786,2.887,2.983,3.216,3.429,0.202,0.227,0.258,0.298,0.345,0.265
S9,1.130,1.219,1.301,1.533,1.725,0.082,0.096,0.113,0.142,0.173,0.120
