expert,source,S1,S2,S3,S4,S5,S6,S7,S8,S9
E1,S1,1,0.333,0.333,1,1,0.333,0.2,0.2,0.333
E1,S2,3,1,1,3,3,1,0.333,0.333,1
E1,S3,3,1,1,3,3,1,0.333,0.333,1
E1,S4,1,0.333,0.333,1,1,0.333,0.2,0.2,0.333
E1,S5,1,0.333,0.333,1,1,0.333,0.2,0.2,0.333
E1,S6,3,1,1,3,3,1,0.333,0.333,1
E1,S7,5,3,3,5,5,3,1,1,3
E1,S8,5,3,3,5,5,3,1,1,3
E1,S9,3,1,1,3,3,1,0.333,0.333,1
E2,S1,1,0.333,0.333,1,1,0.333,0.2,0.2,0.333
E2,S2,3,1,1,3,3,1,0.333,0.333,1
E2,S3,3,1,1,3,3,1,0.333,0.333,1
E2,S4,1,0.333,0.333,1,1,0.333,0.2,0.2,0.333
E2,S5,1,0.333,0.333,1,1,0.333,0.2,0.2,0.333
E2,S6,3,1,1,3,3,1,0.333,0.333,1
E2,S7,5,3,3,5,5,3,1,1,3
E2,S8,5,3,3,5,5,3,1,1,3
E2,S9,3,1,1,3,3,1,0.333,0.333,1
E3,S1,1,1,1,1,3,1,0.2,0.2,0.333
E3,S2,1,1,1,1,3,1,0.2,0.2,0.333
E3,S3,1,1,1,1,3,1,0.2,0.2,0.333
E3,S4,1,1,1,1,3,1,0.2,0.2,0.333
E3,S5,0.333,0.333,0.333,0.333,1,0.333,0.143,0.143,0.2
E3,S6,1,1,1,1,3,1,0.2,0.2,0.333
E3,S7,5,5,5,5,7,5,1,1,3
E3,S8,5,5,5,5,7,5,1,1,3
E3,S9,3,3,3,3,5,3,0.333,0.333,1
