industrial_area,source,C1,C2,C3,C4,C5,C6,C7,C8,C9,C10,final
site1_banthar,S1,0.072,0.138,0.054,0.213,0.167,0.077,0.289,0.162,0.162,0.047,0.115
site1_banthar,S2,0.072,0.080,0.054,0.021,0.052,0.077,0.044,0.162,0.162,0.047,0.074
site1_banthar,S3,0.057,0.043,0.054,0.049,0.090,0.077,0.078,0.055,0.055,0.047,0.063
site1_banthar,S4,0.043,0.043,0.024,0.021,0.025,0.059,0.027,0.107,0.107,0.029,0.046
site1_banthar,S5,0.109,0.080,0.099,0.138,0.090,0.147,0.136,0.077,0.077,0.088,0.112
site1_banthar,S6,0.382,0.280,0.180,0.213,0.260,0.147,0.186,0.222,0.222,0.145,0.233
site1_banthar,S7,0.228,0.043,0.076,0.022,0.069,0.053,0.058,0.107,0.107,0.047,0.088
site1_banthar,S8,0.072,0.280,0.283,0.216,0.257,0.215,0.182,0.107,0.107,0.284,0.233
site1_banthar,S9,0.043,0.043,0.225,0.140,0.054,0.215,0.044,0.107,0.107,0.284,0.172
site2,S1,0.037,0.051,0.047,0.020,0.060,0.108,0.108,0.128,0.044,0.046,0.066
site2,S2,0.037,0.145,0.082,0.143,0.097,0.108,0.108,0.186,0.205,0.140,0.125
site2,S3,0.037,0.145,0.082,0.143,0.097,0.108,0.108,0.169,0.199,0.084,0.110
site2,S4,0.094,0.051,0.047,0.097,0.060,0.108,0.108,0.034,0.044,0.084,0.081
site2,S5,0.094,0.189,0.032,0.024,0.060,0.108,0.108,0.024,0.030,0.093,0.083
site2,S6,0.057,0.068,0.082,0.044,0.158,0.108,0.108,0.193,0.223,0.093,0.109
site2,S7,0.037,0.273,0.265,0.230,0.302,0.108,0.108,0.128,0.154,0.238,0.206
site2,S8,0.353,0.053,0.265,0.230,0.221,0.220,0.220,0.232,0.256,0.238,0.258
site2,S9,0.290,0.053,0.120,0.097,0.020,0.062,0.062,0.231,0.022,0.037,0.115
magarwara1,S1,0.029,0.042,0.027,0.082,0.078,0.079,0.071,0.127,0.127,0.077,0.073
magarwara1,S2,0.029,0.265,0.135,0.221,0.146,0.132,0.125,0.127,0.127,0.144,0.150
magarwara1,S3,0.246,0.123,0.036,0.082,0.033,0.037,0.071,0.044,0.044,0.029,0.079
magarwara1,S4,0.391,0.201,0.287,0.221,0.251,0.232,0.285,0.127,0.127,0.228,0.267
magarwara1,S5,0.029,0.265,0.287,0.221,0.251,0.211,0.285,0.211,0.211,0.228,0.231
magarwara1,S6,0.045,0.042,0.059,0.034,0.146,0.232,0.071,0.127,0.127,0.228,0.139
magarwara1,S7,0.213,0.034,0.084,0.059,0.055,0.045,0.048,0.127,0.127,0.045,0.089
magarwara1,S8,0.107,0.056,0.104,0.082,0.100,0.045,0.071,0.127,0.127,0.045,0.086
magarwara2,S1,0.062,0.179,0.044,0.044,0.082,0.127,0.127,0.032,0.032,0.091,0.087
magarwara2,S2,0.028,0.179,0.160,0.160,0.109,0.127,0.127,0.161,0.161,0.166,0.147
magarwara2,S3,0.253,0.115,0.160,0.160,0.109,0.127,0.127,0.161,0.161,0.166,0.173
magarwara2,S4,0.056,0.179,0.160,0.160,0.313,0.260,0.260,0.161,0.161,0.166,0.193
magarwara2,S5,0.262,0.115,0.160,0.160,0.174,0.127,0.127,0.161,0.161,0.117,0.169
magarwara2,S6,0.262,0.179,0.160,0.160,0.109,0.127,0.127,0.161,0.161,0.166,0.179
magarwara2,S7,0.139,0.115,0.160,0.160,0.174,0.127,0.127,0.161,0.161,0.166,0.164
